id,conversation_id,created_at,date,time,timezone,user_id,username,name,place,tweet,mentions,urls,photos,replies_count,retweets_count,likes_count,hashtags,cashtags,link,retweet,quote_url,video,near,geo,source,user_rt_id,user_rt,retweet_id,reply_to,retweet_date,translate,trans_src,trans_dest
1271535624894414848,1271535624894414848,1591992691000,2020-06-12,16:11:31,EDT,437097977,realnathancain,Nathan Cain üìú,,Support #Nuclear Energy ‚öõÔ∏è,[],[],[],0,0,0,['#nuclear'],[],https://twitter.com/realnathancain/status/1271535624894414848,False,,0,,,,,,,"[{'user_id': '437097977', 'username': 'realnathancain'}]",,,,
1271535374129602561,1271535374129602561,1591992631000,2020-06-12,16:10:31,EDT,226310002,iam__network,IAM Platform,,"Decrease in Renewable Energy Costs May Serve as an Accelerator for Clean Energy Expansion | | SBU 

READ MORE:  https://blog.iammarketingmedia.com/decrease-in-renewable-energy-costs-may-serve-as-an-accelerator-for-clean-energy-expansion-sbu-news/?utm_campaign=twitter&utm_medium=twitter&utm_source=twitter¬†‚Ä¶
#GeothermalEnergy #NuclearEnergy #RenewableEnergy #SolarEnergy #SolarPanels #SteamEnergy #WaveEnergy #WaveGenerators #WindEnergy #Windmills pic.twitter.com/QhiCn0bVCV",[],['https://blog.iammarketingmedia.com/decrease-in-renewable-energy-costs-may-serve-as-an-accelerator-for-clean-energy-expansion-sbu-news/?utm_campaign=twitter&utm_medium=twitter&utm_source=twitter'],['https://pbs.twimg.com/media/EaVmrx_WsAUC87M.jpg'],0,1,0,"['#geothermalenergy', '#nuclearenergy', '#renewableenergy', '#solarenergy', '#solarpanels', '#steamenergy', '#waveenergy', '#wavegenerators', '#windenergy', '#windmills']",[],https://twitter.com/IAM__Network/status/1271535374129602561,False,,0,,,,,,,"[{'user_id': '226310002', 'username': 'IAM__Network'}]",,,,
1271534446345420802,1271534446345420802,1591992410000,2020-06-12,16:06:50,EDT,868678380,holtecintl,Holtec International,,"Holtec Highlights: Portable Robot Successfully Deployed to Make Multi-Purpose Canister Lid Closure Welds #nuclear #NuclearEnergy #manufacturers #Invention
 https://holtecinternational.com/2020/06/12/hi-brian/¬†‚Ä¶ pic.twitter.com/517trLz92f",[],['https://holtecinternational.com/2020/06/12/hi-brian/'],['https://pbs.twimg.com/media/EaVloR4WkAMzldP.jpg'],0,0,0,"['#nuclear', '#nuclearenergy', '#manufacturers', '#invention']",[],https://twitter.com/holtecintl/status/1271534446345420802,False,,0,,,,,,,"[{'user_id': '868678380', 'username': 'holtecintl'}]",,,,
1271534153062907904,1271534153062907904,1591992340000,2020-06-12,16:05:40,EDT,226310002,iam__network,IAM Platform,,"NY saw little progress toward renewable energy goals in 2019 

READ MORE:  https://blog.iammarketingmedia.com/ny-saw-little-progress-toward-renewable-energy-goals-in-2019/?utm_campaign=twitter&utm_medium=twitter&utm_source=twitter¬†‚Ä¶
#GeothermalEnergy #NuclearEnergy #RenewableEnergy #SolarEnergy #SolarPanels #SteamEnergy #WaveEnergy #WaveGenerators #WindEnergy #Windmills~ pic.twitter.com/2FVRNfEBVR",[],['https://blog.iammarketingmedia.com/ny-saw-little-progress-toward-renewable-energy-goals-in-2019/?utm_campaign=twitter&utm_medium=twitter&utm_source=twitter'],['https://pbs.twimg.com/media/EaVlkumWoAApCY4.jpg'],0,1,0,"['#geothermalenergy', '#nuclearenergy', '#renewableenergy', '#solarenergy', '#solarpanels', '#steamenergy', '#waveenergy', '#wavegenerators', '#windenergy', '#windmills']",[],https://twitter.com/IAM__Network/status/1271534153062907904,False,,0,,,,,,,"[{'user_id': '226310002', 'username': 'IAM__Network'}]",,,,
1271533598282321921,1271533598282321921,1591992208000,2020-06-12,16:03:28,EDT,484053196,jerrynature,Applied Energy,,"MIT News: Paper in Applied Energy: A layered approach to safety  http://news.mit.edu/2020/layered-approach-safety-koroush-shirvan-0611#.XuPfFYSXeFQ.twitter¬†‚Ä¶
#AppliedEnergy #3Dprinting #NuclearEnergy #MIT",[],['http://news.mit.edu/2020/layered-approach-safety-koroush-shirvan-0611#.XuPfFYSXeFQ.twitter'],[],0,0,1,"['#appliedenergy', '#3dprinting', '#nuclearenergy', '#mit']",[],https://twitter.com/Jerrynature/status/1271533598282321921,False,,0,,,,,,,"[{'user_id': '484053196', 'username': 'Jerrynature'}]",,,,
1271533291162779656,1271533291162779656,1591992135000,2020-06-12,16:02:15,EDT,912616039271342081,uknuclearenergy,Nuclear - GB Grid,,GB Grid: #Nuclear is generating 4.37GW (16.06%) out of 27.24GW,[],[],[],0,0,0,['#nuclear'],[],https://twitter.com/UKNuclearEnergy/status/1271533291162779656,False,,0,,,,,,,"[{'user_id': '912616039271342081', 'username': 'UKNuclearEnergy'}]",,,,
1271530629197414402,1264584278018424837,1591991500000,2020-06-12,15:51:40,EDT,1242076017650434048,drantoniserrat1,Antoni Serra-Torres MD,,"Make China pay. They covered Wuhan 2019 outbreak and we have evidence they did in Yunnan in 2012. No new outbreak nor lab incident should go under cover undeclared. This is the first end goal. International Biosecurity Agency to be set up, same as for Nuclear Energy. @SecAzar","['carlthechippy', 'kevinmch3', 'nomdeplumi1', 'theseeker268', 'billybostickson', 'bahulikarrahul', 'franciscodeasis', 'luigi_warren', 'trueorigincovid', '_coltseavers', 'antgduarte', 'ydeigin', 'babarlelephant', 'paulgodolphin', 'bioobject', 'daoyu15', 'jj2000426', 'scottburke777', 'still_a_nerd', 'jjcouey', 'harvard2h', 'uacjess', 'ico_dna', 'real_adam_b', 'nerdhaspower', 'rolandbakeriii', 'babarelephant', 'ecohealthnyc', 'nihdirector', 'nih', 'nsf', 'secazar']",[],[],0,0,1,[],[],https://twitter.com/DrAntoniSerraT1/status/1271530629197414402,False,,0,,,,,,,"[{'user_id': '1242076017650434048', 'username': 'DrAntoniSerraT1'}, {'user_id': '2767230593', 'username': 'CarltheChippy'}, {'user_id': '1211776186155581440', 'username': 'KevinMcH3'}, {'user_id': '1245961360061726722', 'username': 'Nomdeplumi1'}, {'user_id': '1170129955558047745', 'username': 'TheSeeker268'}, {'user_id': '605269037', 'username': 'BillyBostickson'}, {'user_id': '1236851690541682689', 'username': 'BahulikarRahul'}, {'user_id': '18538197', 'username': 'franciscodeasis'}, {'user_id': '2577053906', 'username': 'luigi_warren'}, {'user_id': '535174765', 'username': 'TrueOriginCOVID'}, {'user_id': '2892224914', 'username': '_coltseavers'}, {'user_id': '1248254598030262273', 'username': 'AntGDuarte'}, {'user_id': '212102442', 'username': 'ydeigin'}, {'user_id': '419517624', 'username': 'babarlelephant'}, {'user_id': '838011581082513408', 'username': 'PaulGodolphin'}, {'user_id': '1247954748139098116', 'username': 'BioObject'}, {'user_id': '1257153046565421056', 'username': 'Daoyu15'}, {'user_id': '160074739', 'username': 'JJ2000426'}, {'user_id': '3298490606', 'username': 'scottburke777'}, {'user_id': '939935680137920515', 'username': 'still_a_nerd'}, {'user_id': '1049701547628785664', 'username': 'jjcouey'}, {'user_id': '1052240134438039553', 'username': 'Harvard2H'}, {'user_id': '994789516035620864', 'username': 'uacjess'}, {'user_id': '847914650096332802', 'username': 'ico_dna'}, {'user_id': '295929695', 'username': 'Real_Adam_B'}, {'user_id': '1239400994863230981', 'username': 'nerdhaspower'}, {'user_id': '69441276', 'username': 'RolandBakerIII'}, {'user_id': '125517497', 'username': 'babarelephant'}, {'user_id': '35865470', 'username': 'EcoHealthNYC'}, {'user_id': '124237063', 'username': 'NIHDirector'}, {'user_id': '15134240', 'username': 'NIH'}, {'user_id': '16245822', 'username': 'NSF'}, {'user_id': '956283913835614208', 'username': 'SecAzar'}]",,,,
1271530423349317634,1271530423349317634,1591991451000,2020-06-12,15:50:51,EDT,46202277,energyfairness,Paul Griffin,,"U.S. proposes lifting restrictions on financing advanced #nuclear energy projects abroad, to help the industry better compete with China & Russia  https://tinyurl.com/yaozlflj¬† @VOANews",['voanews'],['https://tinyurl.com/yaozlflj'],[],0,0,0,['#nuclear'],[],https://twitter.com/EnergyFairness/status/1271530423349317634,False,,0,,,,,,,"[{'user_id': '46202277', 'username': 'EnergyFairness'}, {'user_id': '16273831', 'username': 'VOANews'}]",,,,
1271529539445768192,1271513877344378885,1591991240000,2020-06-12,15:47:20,EDT,1258254490974617606,pliesker,Patrick Liesker,,Coal is still TransAlta's main energy source; especially here in Alberta. I understand it has a 'strategy' to phase this out; largely replacing it by natural gas. Has Transalta condidered nuclear energy as an option? Ontario is very successful with that.,['transalta'],[],[],0,0,0,[],[],https://twitter.com/PLiesker/status/1271529539445768192,False,,0,,,,,,,"[{'user_id': '1258254490974617606', 'username': 'PLiesker'}, {'user_id': '338645337', 'username': 'TransAlta'}]",,,,
1271528970178215936,1271528970178215936,1591991105000,2020-06-12,15:45:05,EDT,462738167,ital_john,Deputy Sherrif,,"We have to agree that in Kenya we don't have enough energy to industrialize. WE NEED A NUCLEAR ENERGY POWER PLANT .
#kenyatta #BudgetKe2020 #Fridaythoughts",[],[],[],0,0,0,"['#kenyatta', '#budgetke2020', '#fridaythoughts']",[],https://twitter.com/ital_john/status/1271528970178215936,False,,0,,,,,,,"[{'user_id': '462738167', 'username': 'ital_john'}]",,,,
1271528552140165121,1271528552140165121,1591991005000,2020-06-12,15:43:25,EDT,1365835549,naiic_simple,„Çè„Åã„Çä„ÇÑ„Åô„ÅÑ„Éó„É≠„Ç∏„Çß„ÇØ„Éà,,"What are the issues with nuclear energy? (English)„ÄÄILLUSTRATED VIDEO‚ë•
 http://www.youtube.com/watch?v=0IHL_GIgv1o¬†‚Ä¶",[],['http://www.youtube.com/watch?v=0IHL_GIgv1o'],[],0,0,0,[],[],https://twitter.com/Naiic_Simple/status/1271528552140165121,False,,0,,,,,,,"[{'user_id': '1365835549', 'username': 'Naiic_Simple'}]",,,,
1271528188057919488,1271528188057919488,1591990918000,2020-06-12,15:41:58,EDT,712360579760070656,win_france,WiN France,,"""We encourage all women to follow their dreams without hesitation, even when people say the job is not suitable for women.""
Turkish women set to be nuclear energy pioneers  https://buff.ly/3dV9QxY¬†",[],['https://buff.ly/3dV9QxY'],[],0,0,0,[],[],https://twitter.com/win_france/status/1271528188057919488,False,,0,,,,,,,"[{'user_id': '712360579760070656', 'username': 'win_france'}]",,,,
1271526958241742848,1271346462513741826,1591990625000,2020-06-12,15:37:05,EDT,1241837235927826433,yoda55x,yodaTheBanjoMaster,,"Can you DM if you are interested, because I'll be honest I don't really know much about nuclear energy and what I do know is from the simpsons bl xD",['mondelimon'],[],[],0,0,0,[],[],https://twitter.com/yoda55x/status/1271526958241742848,False,,0,,,,,,,"[{'user_id': '1241837235927826433', 'username': 'yoda55x'}, {'user_id': '284765071', 'username': 'mondelimon'}]",,,,
1271519317192916993,1271500322444324864,1591988803000,2020-06-12,15:06:43,EDT,1184291885084360704,phyllia12,Phyllia,,"It's dangerous to lift the prohibition on nuclear.  Radioactive waste containment isn't clean energy, it's an accident waiting to happen. Nuclear energy lobbyist should never be trusted, they'll lie to make a profit, even if it means cancer and birth defects for the people.","['lisamurkowski', 'dfcgov']",[],[],0,0,0,[],[],https://twitter.com/Phyllia12/status/1271519317192916993,False,,0,,,,,,,"[{'user_id': '1184291885084360704', 'username': 'Phyllia12'}, {'user_id': '18061669', 'username': 'lisamurkowski'}, {'user_id': '123334719', 'username': 'DFCgov'}]",,,,
1271518191186034688,1271518191186034688,1591988535000,2020-06-12,15:02:15,EDT,912616039271342081,uknuclearenergy,Nuclear - GB Grid,,GB Grid: #Nuclear is generating 4.22GW (14.65%) out of 28.82GW,[],[],[],0,0,0,['#nuclear'],[],https://twitter.com/UKNuclearEnergy/status/1271518191186034688,False,,0,,,,,,,"[{'user_id': '912616039271342081', 'username': 'UKNuclearEnergy'}]",,,,
1271514603999158272,1271512285035593729,1591987679000,2020-06-12,14:47:59,EDT,473464133,agreenewyork,AGREE New York,,"Taking into consideration the entire fuel chain, nuclear energy is a net producer of greenhouse gases.",[],[],[],1,0,0,[],[],https://twitter.com/agreenewyork/status/1271514603999158272,False,,0,,,,,,,"[{'user_id': '473464133', 'username': 'agreenewyork'}]",,,,
1271514111487234049,1271514111487234049,1591987562000,2020-06-12,14:46:02,EDT,297660384,smartenergy1,Smart Energy - UAMPS,,Friday Fun Fact: Nuclear is one of the best options to decarbonize the world. It also makes up more than half of our nation‚Äôs clean energy in the United States. #SMR #nuclearenergy #cleanenergy pic.twitter.com/4HGWk0YkrJ,[],[],['https://pbs.twimg.com/media/EaVTWIKWAAILCVU.jpg'],0,0,1,"['#smr', '#nuclearenergy', '#cleanenergy']",[],https://twitter.com/SmartEnergy1/status/1271514111487234049,False,,0,,,,,,,"[{'user_id': '297660384', 'username': 'SmartEnergy1'}]",,,,
1271509011209359362,1271509011209359362,1591986346000,2020-06-12,14:25:46,EDT,1158124998176886784,tomhickey_,Tom Hickey,,"Enjoyed attending my first @UKPONI conference! Three days of research on everything from hypersonics and lasers to space security and nuclear energy sector, with great panellist diversity. Also engaging simulation exercise to get the mighty nation of ""Lowlandia"" to join the TPNW  https://twitter.com/UKPONI/status/1271464960305115136¬†‚Ä¶",['ukponi'],['https://twitter.com/UKPONI/status/1271464960305115136'],[],0,0,0,[],[],https://twitter.com/TomHickey_/status/1271509011209359362,False,https://twitter.com/UKPONI/status/1271464960305115136,0,,,,,,,"[{'user_id': '1158124998176886784', 'username': 'TomHickey_'}, {'user_id': '221806950', 'username': 'UKPONI'}]",,,,
1271508907870113797,1271508907870113797,1591986321000,2020-06-12,14:25:21,EDT,462738167,ital_john,Deputy Sherrif,,"Uhuru #kenyatta government went for SGR instead it could have gone for nuclear energy plant now the country couldn't be solely relying on incapable KPLC . poor planning
#MutuaAdviceToKenyans",[],[],[],0,0,3,"['#kenyatta', '#mutuaadvicetokenyans']",[],https://twitter.com/ital_john/status/1271508907870113797,False,,0,,,,,,,"[{'user_id': '462738167', 'username': 'ital_john'}]",,,,
1271507238784557056,1271507238784557056,1591985923000,2020-06-12,14:18:43,EDT,226310002,iam__network,IAM Platform,,"Is Water Vapor the Next Great Renewable? 

READ MORE:  https://blog.iammarketingmedia.com/is-water-vapor-the-next-great-renewable/?utm_campaign=twitter&utm_medium=twitter&utm_source=twitter¬†‚Ä¶
#GeothermalEnergy #NuclearEnergy #RenewableEnergy #SolarEnergy #SolarPanels #SteamEnergy #WaveEnergy #WaveGenerators #WindEnergy #Windmills~ pic.twitter.com/gQ9QCzy0Zp",[],['https://blog.iammarketingmedia.com/is-water-vapor-the-next-great-renewable/?utm_campaign=twitter&utm_medium=twitter&utm_source=twitter'],['https://pbs.twimg.com/media/EaVNGFxWsAEcHpp.jpg'],0,1,0,"['#geothermalenergy', '#nuclearenergy', '#renewableenergy', '#solarenergy', '#solarpanels', '#steamenergy', '#waveenergy', '#wavegenerators', '#windenergy', '#windmills']",[],https://twitter.com/IAM__Network/status/1271507238784557056,False,,0,,,,,,,"[{'user_id': '226310002', 'username': 'IAM__Network'}]",,,,
1271504035120664577,1271154414166908928,1591985160000,2020-06-12,14:06:00,EDT,352277045,kla_mar,Klaas Martens,,"It is going to happen, ultra safe, affordable, sustainable zero CO2 nuclear energy! ""It giet oan""","['globalenergy', 'nuscale_power', 'dfcgov']",[],[],0,0,0,[],[],https://twitter.com/kla_mar/status/1271504035120664577,False,,0,,,,,,,"[{'user_id': '352277045', 'username': 'kla_mar'}, {'user_id': '26051412', 'username': 'globalenergy'}, {'user_id': '229607618', 'username': 'NuScale_Power'}, {'user_id': '123334719', 'username': 'DFCgov'}]",,,,
1271503094166302720,1271503094166302720,1591984935000,2020-06-12,14:02:15,EDT,912616039271342081,uknuclearenergy,Nuclear - GB Grid,,GB Grid: #Nuclear is generating 4.22GW (14.13%) out of 29.82GW,[],[],[],0,0,0,['#nuclear'],[],https://twitter.com/UKNuclearEnergy/status/1271503094166302720,False,,0,,,,,,,"[{'user_id': '912616039271342081', 'username': 'UKNuclearEnergy'}]",,,,
1271501750365798400,1271501750365798400,1591984615000,2020-06-12,13:56:55,EDT,836811314915848192,brendaw101949,Brenda White,,I have heard that Nuclear Energy is clean UNTIL IT ISN‚ÄôT kept Cool! Remember Chernobyl & 3 mile island?  https://twitter.com/lisamurkowski/status/1271500322444324864¬†‚Ä¶,[],['https://twitter.com/lisamurkowski/status/1271500322444324864'],[],0,0,0,[],[],https://twitter.com/BrendaW101949/status/1271501750365798400,False,https://twitter.com/lisamurkowski/status/1271500322444324864,0,,,,,,,"[{'user_id': '836811314915848192', 'username': 'BrendaW101949'}]",,,,
1271500367214362624,1271500367214362624,1591984285000,2020-06-12,13:51:25,EDT,3123549208,fanniegate2231,tim jones,,"#FANNIEGATE #KCA  https://ift.tt/1Eg6gKn¬† lisamurkowski: Nuclear energy technology can help meet the world‚Äôs clean energy needs, which is why Sen_JoeManchin and I led a letter to DFCgov urging nuclear energy projects be able to apply for financing. I am pleased they voted to rev‚Ä¶",[],['https://ift.tt/1Eg6gKn'],[],0,0,0,"['#fanniegate', '#kca']",[],https://twitter.com/fanniegate2231/status/1271500367214362624,False,,0,,,,,,,"[{'user_id': '3123549208', 'username': 'fanniegate2231'}]",,,,
1271500322444324864,1271500322444324864,1591984274000,2020-06-12,13:51:14,EDT,18061669,lisamurkowski,Sen. Lisa Murkowski,,"Nuclear energy technology can help meet the world‚Äôs clean energy needs, which is why @Sen_JoeManchin and I led a letter to @DFCgov urging nuclear energy projects be able to apply for financing. I am pleased they voted to reverse the categorical prohibition on civil nuclear.","['sen_joemanchin', 'dfcgov']",[],[],25,11,34,[],[],https://twitter.com/lisamurkowski/status/1271500322444324864,False,,0,,,,,,,"[{'user_id': '18061669', 'username': 'lisamurkowski'}, {'user_id': '234374703', 'username': 'Sen_JoeManchin'}, {'user_id': '123334719', 'username': 'DFCgov'}]",,,,
1271499475064721409,1271287949095612423,1591984072000,2020-06-12,13:47:52,EDT,146642600,rileyjohngibbs,Riley John Gibbs,,"I‚Äôm imagining some product manager making a push to supply it with the good batteries instead of the cheap ones, not realizing just how good the good batteries really were.

Or maybe, like Godzilla, it‚Äôs powered by undying nuclear energy.",['formorphology'],[],[],1,0,1,[],[],https://twitter.com/RileyJohnGibbs/status/1271499475064721409,False,,0,,,,,,,"[{'user_id': '146642600', 'username': 'RileyJohnGibbs'}, {'user_id': '4776695254', 'username': 'Formorphology'}]",,,,
1271497830704779264,1271497830704779264,1591983680000,2020-06-12,13:41:20,EDT,1244383035476279299,globalportolan,John Barrett,,Clean nuclear energy produces 60% of Ontario's power day-after-day. See  http://www.ieso.ca¬† for hourly electricity production in Ontario. Compelling data for evidence-based energy policies!  #cleanenergyCanada #recoveryproj #renewableenergy #EnvironmentalJustice https://twitter.com/GrantChalmers/status/1271245363811213312¬†‚Ä¶,[],"['http://www.ieso.ca', 'https://twitter.com/GrantChalmers/status/1271245363811213312']",[],0,0,0,"['#cleanenergycanada', '#recoveryproj', '#renewableenergy', '#environmentaljustice']",[],https://twitter.com/GlobalPortolan/status/1271497830704779264,False,https://twitter.com/GrantChalmers/status/1271245363811213312,0,,,,,,,"[{'user_id': '1244383035476279299', 'username': 'GlobalPortolan'}]",,,,
1271497613456506880,1271497613456506880,1591983628000,2020-06-12,13:40:28,EDT,1120509151627472896,kbms1i9bccla02h,„Éà„Éº„Éû„Éª„Ç§„É¥ (Thoma Yve),,"#Love
#Earth
#corona 

""Love this dying planet!""has been added to my page of note.
With this earth screaming due to global warming and nuclear energy„ÄÅA homage for a world exposed to the corona vortex.
Since it is released for free, please have a look.
 https://note.com/masanobu1962/n/nffe3a3f526d4¬†‚Ä¶",[],['https://note.com/masanobu1962/n/nffe3a3f526d4'],[],0,1,3,"['#love', '#earth', '#corona']",[],https://twitter.com/kBms1I9bcClA02H/status/1271497613456506880,False,,0,,,,,,,"[{'user_id': '1120509151627472896', 'username': 'kBms1I9bcClA02H'}]",,,,
1271497492983472128,1271497492983472128,1591983600000,2020-06-12,13:40:00,EDT,2330731868,terrapower,TerraPower,,"We are excited to host our summer #interns virtually this year!  

We're incredibly proud to be able to offer this opportunity to students, who represent the future of nuclear energy, and invest in #STEM talent. üí°üìöüî¨ pic.twitter.com/Tvrtn2f199",[],[],['https://pbs.twimg.com/media/EaUq2mjWkAADFJR.jpg'],0,0,3,"['#interns', '#stem']",[],https://twitter.com/TerraPower/status/1271497492983472128,False,,0,,,,,,,"[{'user_id': '2330731868', 'username': 'TerraPower'}]",,,,
1271496929919160321,1271496929919160321,1591983466000,2020-06-12,13:37:46,EDT,977206409690427393,ramblingwilliam,William Kowalski,,US Government Proposes to Lift Ban on Financing Nuclear Energy Projects Overseas -  http://eepurl.com/g63Ayn¬†,[],['http://eepurl.com/g63Ayn'],[],0,0,0,[],[],https://twitter.com/RamblingWilliam/status/1271496929919160321,False,,0,,,,,,,"[{'user_id': '977206409690427393', 'username': 'RamblingWilliam'}]",,,,
1271495642964209664,1271495642964209664,1591983159000,2020-06-12,13:32:39,EDT,4925210807,clearpathaction,ClearPath Action,,"To translate in plain English, we need to get serious about having complete #NuclearEnergy testing capabilities ‚Äî ASAP. Check out our blog on why the U.S. needs the Versatile Test Reactor:  https://clearpath.org/our-take/lets-show-the-world-were-serious-about-nuclear-energy/¬†‚Ä¶",[],['https://clearpath.org/our-take/lets-show-the-world-were-serious-about-nuclear-energy/'],[],0,0,0,['#nuclearenergy'],[],https://twitter.com/ClearPathAction/status/1271495642964209664,False,,0,,,,,,,"[{'user_id': '4925210807', 'username': 'ClearPathAction'}]",,,,
1271495177354596352,1271495177354596352,1591983048000,2020-06-12,13:30:48,EDT,2880936009,ictperspectives,ICTperspectives,,"Nuclear Power in Bulgaria | Bulgarian nuclear energy - World Nuclear Association  https://www.world-nuclear.org/information-library/country-profiles/countries-a-f/bulgaria.aspx?fbclid=IwAR3wl8oK9I2gkOlaQougUQKnfLFoQDiyg_nYrSVyvdx0oyZCLrsZwyScqxQ#.XuO7llrv6sA.twitter¬†‚Ä¶
–Ø–¥—Ä–µ–Ω–∞ —Ç–µ—Ö–Ω–∏–∫–∞ –≤ –ë—ä–ª–≥–∞—Ä–∏—è",[],['https://www.world-nuclear.org/information-library/country-profiles/countries-a-f/bulgaria.aspx?fbclid=IwAR3wl8oK9I2gkOlaQougUQKnfLFoQDiyg_nYrSVyvdx0oyZCLrsZwyScqxQ#.XuO7llrv6sA.twitter'],[],0,1,0,[],[],https://twitter.com/ICTperspectives/status/1271495177354596352,False,,0,,,,,,,"[{'user_id': '2880936009', 'username': 'ICTperspectives'}]",,,,
1271495023691837443,879403161810808833,1591983011000,2020-06-12,13:30:11,EDT,1150111122462109696,brianhusted5,brian husted,,"I will agree to disagree,The main problem is we gave up on it, our methods of producing energy today cause more pollution,And death in one year then nuclear energy has in the last 60 years,And that‚Äôs including Hiroshima,and Nagasaki","['notmattrellen', 'cloudzzz757', 'paronoidthe', 'alshadowdancer', 'dennisabm', 'donnnie', 'mick719', 'lovestr50361283', 'imontheright2', 'philipemskinne1', 'black_is_back5', 'thumper5465', 'galifreytoearth', 'boodacat2020', 'hurrnot', 'sbdsoultrain', 'usaneedsheroes', 'star_tard', 'zaharias19', 'lastlaughaemial', 'chrisadams66', 'star_lord_guy', 'tumultuousdon', 'shrekthepunk', 'misshellca', 'instinctnaturel', 'flattielover', 'suzanne_vacay', 'alawnguy', 'hildolfr3', 'ichismom', '1quetzalcoatl1', 'trumpsugar', 'vickie627', 'rickysi16087724', 'docholiday__', 'supremeslaya', 'immortalmrallow', 'tempieton_peck', 'charlie_2u', 'calijeff1', 'josephs08455956', 'gopkleptocrat', 'cdnshade', 'redds___', 'santago_', 'ourtriviallife', 'rightinca', '2tall2fall4it']",[],[],1,0,1,[],[],https://twitter.com/brianhusted5/status/1271495023691837443,False,,0,,,,,,,"[{'user_id': '1150111122462109696', 'username': 'brianhusted5'}, {'user_id': '3018534374', 'username': 'NotMattrellen'}, {'user_id': '1242191254449991688', 'username': 'cloudzzz757'}, {'user_id': '1231972822924353536', 'username': 'ParonoidThe'}, {'user_id': '31551908', 'username': 'alshadowdancer'}, {'user_id': '75079148', 'username': 'Dennisabm'}, {'user_id': '15089203', 'username': 'donnnie'}, {'user_id': '24679149', 'username': 'mick719'}, {'user_id': '1225571051758931969', 'username': 'Lovestr50361283'}, {'user_id': '1266764557684334592', 'username': 'imontheright2'}, {'user_id': '869248847360536576', 'username': 'PhilipEMSkinne1'}, {'user_id': '1075803653292867588', 'username': 'Black_is_back5'}, {'user_id': '288891506', 'username': 'Thumper5465'}, {'user_id': '1243723769857880064', 'username': 'GalifreyToEarth'}, {'user_id': '1154074176749211649', 'username': 'boodacat2020'}, {'user_id': '1257453417632391169', 'username': 'HurrNot'}, {'user_id': '950355282', 'username': 'SBDSoultrain'}, {'user_id': '1092872713885151232', 'username': 'UsaNeedsHeroes'}, {'user_id': '1263947759582941185', 'username': 'star_tard'}, {'user_id': '970321292468551687', 'username': 'zaharias19'}, {'user_id': '1143109947149832192', 'username': 'LastLaughAemial'}, {'user_id': '1221920707342487552', 'username': 'ChrisAdams66'}, {'user_id': '1195500594531725312', 'username': 'Star_Lord_Guy'}, {'user_id': '2767500935', 'username': 'TumultuousDon'}, {'user_id': '3733796722', 'username': 'shrekthepunk'}, {'user_id': '1088994149062238208', 'username': 'misshellca'}, {'user_id': '2246350868', 'username': 'instinctnaturel'}, {'user_id': '346154820', 'username': 'Flattielover'}, {'user_id': '2956681072', 'username': 'Suzanne_Vacay'}, {'user_id': '583505764', 'username': 'Alawnguy'}, {'user_id': '1098421711370780672', 'username': 'Hildolfr3'}, {'user_id': '793990183775596544', 'username': 'ichismom'}, {'user_id': '778699196077531136', 'username': '1Quetzalcoatl1'}, {'user_id': '1029533569197199360', 'username': 'TrumpSugar'}, {'user_id': '189042188', 'username': 'Vickie627'}, {'user_id': '781838159134896128', 'username': 'RickySi16087724'}, {'user_id': '1245383534904254466', 'username': 'docholiday__'}, {'user_id': '1215656389357588480', 'username': 'SupremeSlaya'}, {'user_id': '1264207300195225600', 'username': 'ImmortalMrAllow'}, {'user_id': '1246488679415074816', 'username': 'TempIeton_Peck'}, {'user_id': '1208401662844518400', 'username': 'Charlie_2u'}, {'user_id': '1126385518109847559', 'username': 'calijeff1'}, {'user_id': '1262835165296025601', 'username': 'JosephS08455956'}, {'user_id': '372024942', 'username': 'GOPkleptocrat'}, {'user_id': '2584072023', 'username': 'CdnShade'}, {'user_id': '1225858971438850049', 'username': 'Redds___'}, {'user_id': '1215712166969516032', 'username': 'Santago_'}, {'user_id': '1160310982876508163', 'username': 'OurTrivialLife'}, {'user_id': '2596927795', 'username': 'RightinCA'}, {'user_id': '1076935309605175296', 'username': '2tall2fall4it'}]",,,,
1271492753243938816,1271492753243938816,1591982470000,2020-06-12,13:21:10,EDT,226310002,iam__network,IAM Platform,,"Four new renewable energy projects in South Africa receive support from MIGA 

READ MORE:  https://blog.iammarketingmedia.com/four-new-renewable-energy-projects-in-south-africa-receive-support-from-miga/?utm_campaign=twitter&utm_medium=twitter&utm_source=twitter¬†‚Ä¶
#GeothermalEnergy #NuclearEnergy #RenewableEnergy #SolarEnergy #SolarPanels #SteamEnergy #WaveEnergy #WaveGenerators #WindEnergy #Windmills+ pic.twitter.com/ZXpMewMs2w",[],['https://blog.iammarketingmedia.com/four-new-renewable-energy-projects-in-south-africa-receive-support-from-miga/?utm_campaign=twitter&utm_medium=twitter&utm_source=twitter'],['https://pbs.twimg.com/media/EaU_67ZXgAA-XQu.jpg'],0,4,0,"['#geothermalenergy', '#nuclearenergy', '#renewableenergy', '#solarenergy', '#solarpanels', '#steamenergy', '#waveenergy', '#wavegenerators', '#windenergy', '#windmills']",[],https://twitter.com/IAM__Network/status/1271492753243938816,False,,0,,,,,,,"[{'user_id': '226310002', 'username': 'IAM__Network'}]",,,,
1271492492177874944,1271492492177874944,1591982407000,2020-06-12,13:20:07,EDT,968813262,uae_forsan,UAE - F o r s a n,,"Ali Salem Al Nuaimi, Project Manager at the Emirates Nuclear Energy Corporation, expressed pride of being part of the mega-project

#ÿ£ŸÜÿ™_ŸÖÿ≥ÿ§ŸàŸÑ
#YouAreResponsible pic.twitter.com/O9628r1eiA",[],[],[],0,102,4,"['#ÿ£ŸÜÿ™_ŸÖÿ≥ÿ§ŸàŸÑ', '#youareresponsible']",[],https://twitter.com/UAE_Forsan/status/1271492492177874944,False,,1,,,,,,,"[{'user_id': '968813262', 'username': 'UAE_Forsan'}]",,,,
1271492342659321860,1271492342659321860,1591982372000,2020-06-12,13:19:32,EDT,226310002,iam__network,IAM Platform,,"The sun‚Äôs rays can electrify plants into producing renewable energy, study finds 

READ MORE:  https://blog.iammarketingmedia.com/the-suns-rays-can-electrify-plants-into-producing-renewable-energy-study-finds/?utm_campaign=twitter&utm_medium=twitter&utm_source=twitter¬†‚Ä¶
#GeothermalEnergy #NuclearEnergy #RenewableEnergy #SolarEnergy #SolarPanels #SteamEnergy #WaveEnergy #WaveGenerators #WindEnergy #Windmills* pic.twitter.com/lPOU5cm4nZ",[],['https://blog.iammarketingmedia.com/the-suns-rays-can-electrify-plants-into-producing-renewable-energy-study-finds/?utm_campaign=twitter&utm_medium=twitter&utm_source=twitter'],['https://pbs.twimg.com/media/EaU_jA4XsAAWz2P.jpg'],0,1,0,"['#geothermalenergy', '#nuclearenergy', '#renewableenergy', '#solarenergy', '#solarpanels', '#steamenergy', '#waveenergy', '#wavegenerators', '#windenergy', '#windmills']",[],https://twitter.com/IAM__Network/status/1271492342659321860,False,,0,,,,,,,"[{'user_id': '226310002', 'username': 'IAM__Network'}]",,,,
1271489365546602502,1271489365546602502,1591981662000,2020-06-12,13:07:42,EDT,871786450056073219,mrspoon1313,Sp√∏on üá¨üáß üá∫üá¶ üá™üá∫,,"If we move from oil to green and nuclear energy we could probably end a lot of wars. Nobody will give a fuck about securing oil reserves when all you need is the wind, sun or some uranium.",[],[],[],2,0,1,[],[],https://twitter.com/Mrspoon1313/status/1271489365546602502,False,,0,,,,,,,"[{'user_id': '871786450056073219', 'username': 'Mrspoon1313'}]",,,,
1271488501553475584,1271488501553475584,1591981456000,2020-06-12,13:04:16,EDT,226310002,iam__network,IAM Platform,,"India targets lofty renewable energy goals with $6 billion deal to ramp up solar 

READ MORE:  https://blog.iammarketingmedia.com/india-targets-lofty-renewable-energy-goals-with-6-billion-deal-to-ramp-up-solar/?utm_campaign=twitter&utm_medium=twitter&utm_source=twitter¬†‚Ä¶
#GeothermalEnergy #NuclearEnergy #RenewableEnergy #SolarEnergy #SolarPanels #SteamEnergy #WaveEnergy #WaveGenerators #WindEnergy #Windmills~ pic.twitter.com/ChPVotwFX7",[],['https://blog.iammarketingmedia.com/india-targets-lofty-renewable-energy-goals-with-6-billion-deal-to-ramp-up-solar/?utm_campaign=twitter&utm_medium=twitter&utm_source=twitter'],['https://pbs.twimg.com/media/EaU8Dc7XgAURc_1.jpg'],0,2,1,"['#geothermalenergy', '#nuclearenergy', '#renewableenergy', '#solarenergy', '#solarpanels', '#steamenergy', '#waveenergy', '#wavegenerators', '#windenergy', '#windmills']",[],https://twitter.com/IAM__Network/status/1271488501553475584,False,,0,,,,,,,"[{'user_id': '226310002', 'username': 'IAM__Network'}]",,,,
1271488485518696449,1271461366906445825,1591981452000,2020-06-12,13:04:12,EDT,425116151,0sundance,Dr. Sundance,,"Try There Is No Climate Crisis by the Failing Climate Models & be sure to watch Michael Moore's movie on the renewable energy scam that was just put back up on YouTube after the RE scam artists, had it removed temporarily. Support nuclear energy tooüëçüíØ
 https://www.youtube.com/watch?v=Zk11vI-7czE¬†‚Ä¶","['uplantatree', 'goodguide']",['https://www.youtube.com/watch?v=Zk11vI-7czE'],[],1,0,0,[],[],https://twitter.com/0Sundance/status/1271488485518696449,False,,0,,,,,,,"[{'user_id': '425116151', 'username': '0Sundance'}, {'user_id': '264115689', 'username': 'UPlantATree'}, {'user_id': '17219555', 'username': 'GoodGuide'}]",,,,
1271487992876630017,1271487992876630017,1591981335000,2020-06-12,13:02:15,EDT,912616039271342081,uknuclearenergy,Nuclear - GB Grid,,GB Grid: #Nuclear is generating 4.20GW (14.03%) out of 29.96GW,[],[],[],0,0,0,['#nuclear'],[],https://twitter.com/UKNuclearEnergy/status/1271487992876630017,False,,0,,,,,,,"[{'user_id': '912616039271342081', 'username': 'UKNuclearEnergy'}]",,,,
1271487959695581184,1271487959695581184,1591981327000,2020-06-12,13:02:07,EDT,424387810,leadersandbest,Leaders and Best,,"A three-year, $5.2M grant will fund a new project led by U-M, which will bring together nuclear engineers and computer scientists to create safer, more affordable nuclear energy solutions.

Check out the project:  http://myumi.ch/2DygX¬†",[],['http://myumi.ch/2DygX'],[],0,0,0,[],[],https://twitter.com/LeadersandBest/status/1271487959695581184,False,,0,,,,,,,"[{'user_id': '424387810', 'username': 'LeadersandBest'}]",,,,
1271482296936198145,1271469148787208193,1591979977000,2020-06-12,12:39:37,EDT,1039092460482310144,honestcitizen8,honestcitizen,,"The Maintenance Costs of CNG Vehicles is also High compared to Fossil fuel Vehicles & Fully Electric Vehicles..

Certain Corrupt Politicians are day dreaming of trying to Promote Gas Based Economy in an Era driven by Fully Electric Vehicles & Nuclear Energy but may fail miserably","['etnowlive', 'tamannainamdar', 'mythilibhusnurm', 'ongc_', 'petroleummin']",[],[],0,0,0,[],[],https://twitter.com/honestcitizen8/status/1271482296936198145,False,,0,,,,,,,"[{'user_id': '1039092460482310144', 'username': 'honestcitizen8'}, {'user_id': '225012752', 'username': 'ETNOWlive'}, {'user_id': '75274969', 'username': 'TamannaInamdar'}, {'user_id': '773125411', 'username': 'MythiliBhusnurm'}, {'user_id': '2862755232', 'username': 'ONGC_'}, {'user_id': '2583583465', 'username': 'PetroleumMin'}]",,,,
1271480072269172746,1221058284561543168,1591979446000,2020-06-12,12:30:46,EDT,315607294,axel_hag,Axel Hag,,"Germany has pursued a bold 550 million euro transition plan away from Nuclear Energy towards a 100% renewables energy system.  The Energiewende as it is known also aims to phase out fossil fuels but remains heavily reliant on coal, natural gas and biomass to firm.....","['patrickkausw', 'bmu', 'svenjaschulze68', 'noz_de']",[],[],0,0,0,[],[],https://twitter.com/axel_hag/status/1271480072269172746,False,,0,,,,,,,"[{'user_id': '315607294', 'username': 'axel_hag'}, {'user_id': '2864188109', 'username': 'PatrickKausW'}, {'user_id': '164620984', 'username': 'bmu'}, {'user_id': '757979230244368385', 'username': 'SvenjaSchulze68'}, {'user_id': '28530929', 'username': 'noz_de'}]",,,,
1271479378183172096,1271460731905609729,1591979281000,2020-06-12,12:28:01,EDT,315607294,axel_hag,Axel Hag,,"Germany has pursued a bold 550 million euro transition plan away from Nuclear Energy towards a 100% renewables energy system.  The Energiewende as it is known also aims to phase out fossil fuels but remains heavily reliant on coal, natural gas and biomass........","['nuklearia', 'euronuclear']",[],[],0,0,0,[],[],https://twitter.com/axel_hag/status/1271479378183172096,False,,0,,,,,,,"[{'user_id': '315607294', 'username': 'axel_hag'}, {'user_id': '395859132', 'username': 'Nuklearia'}, {'user_id': '596509757', 'username': 'euronuclear'}]",,,,
1271478529553809409,1271478529553809409,1591979079000,2020-06-12,12:24:39,EDT,991675273610514432,adamusdfc,Adam Boehler,,"Thank you! Modernizing @DFCgov's nuclear energy policy could help ensure that developing countries have access to clean, and affordable energy sources. We look forward to the feedback from the comment period!  https://twitter.com/gepublicaffairs/status/1271147984466726912¬†‚Ä¶",['dfcgov'],['https://twitter.com/gepublicaffairs/status/1271147984466726912'],[],1,1,3,[],[],https://twitter.com/AdamUSDFC/status/1271478529553809409,False,https://twitter.com/GEpublicaffairs/status/1271147984466726912,0,,,,,,,"[{'user_id': '991675273610514432', 'username': 'AdamUSDFC'}, {'user_id': '123334719', 'username': 'DFCgov'}]",,,,
1271477568093462529,1271477568093462529,1591978849000,2020-06-12,12:20:49,EDT,21440507,philsystems,Philippi-Hagenbuch,,Learn more about #nuclearenergy in the US from the #WorldNuclearAssociation >>>  https://bit.ly/3dYtgSr¬† #IndustryFact #NMA #Uranium pic.twitter.com/uOsI59lDzO,[],['https://bit.ly/3dYtgSr'],['https://pbs.twimg.com/media/EaUyGb0XYAEn-LH.jpg'],0,0,1,"['#nuclearenergy', '#worldnuclearassociation', '#industryfact', '#nma', '#uranium']",[],https://twitter.com/PHILsystems/status/1271477568093462529,False,,0,,,,,,,"[{'user_id': '21440507', 'username': 'PHILsystems'}]",,,,
1271476659988959232,1271476659988959232,1591978633000,2020-06-12,12:17:13,EDT,226310002,iam__network,IAM Platform,,"Offshore wind offers ‚Äò1.4TW potential by 2050‚Äô 

READ MORE:  https://blog.iammarketingmedia.com/offshore-wind-offers-1-4tw-potential-by-2050/?utm_campaign=twitter&utm_medium=twitter&utm_source=twitter¬†‚Ä¶
#GeothermalEnergy #NuclearEnergy #RenewableEnergy #SolarEnergy #SolarPanels #SteamEnergy #WaveEnergy #WaveGenerators #WindEnergy #Windmills* pic.twitter.com/uiTwfY2vhr",[],['https://blog.iammarketingmedia.com/offshore-wind-offers-1-4tw-potential-by-2050/?utm_campaign=twitter&utm_medium=twitter&utm_source=twitter'],['https://pbs.twimg.com/media/EaUxSJhXgAAkdSy.jpg'],0,2,1,"['#geothermalenergy', '#nuclearenergy', '#renewableenergy', '#solarenergy', '#solarpanels', '#steamenergy', '#waveenergy', '#wavegenerators', '#windenergy', '#windmills']",[],https://twitter.com/IAM__Network/status/1271476659988959232,False,,0,,,,,,,"[{'user_id': '226310002', 'username': 'IAM__Network'}]",,,,
1271474754554408971,1271474754554408971,1591978179000,2020-06-12,12:09:39,EDT,3194081710,arabweekly,The Arab Weekly,,"During a tour of the Barakah Nuclear Energy Plant, UAE Crown Prince Sheikh Mohamed bin Zayed Al Nahyan hailed the ‚Äúremarkable progress‚Äù being made at the Emirati facility.  https://thearabweekly.com/uae-crown-prince-hails-remarkable-progress-barakah-nuclear-plant?utm_medium=Social&utm_source=Twitter#Echobox=1591978174¬†‚Ä¶",[],['https://thearabweekly.com/uae-crown-prince-hails-remarkable-progress-barakah-nuclear-plant?utm_medium=Social&utm_source=Twitter#Echobox=1591978174'],[],0,0,0,[],[],https://twitter.com/ArabWeekly/status/1271474754554408971,False,,0,,,,,,,"[{'user_id': '3194081710', 'username': 'ArabWeekly'}]",,,,
1271472950915538952,1271459065978408962,1591977748000,2020-06-12,12:02:28,EDT,1030398167198691328,ionactive,Ionactive Consulting Limited,,"Lol... CT about 20mSv, chest x-ray about 100 micro Sv. Good old linear accelerator will do the job just fine (as pictured in the article). Powered by nuclear energy of course :)","['michaeljacole', 'atomicrod']",[],[],0,0,3,[],[],https://twitter.com/ionactive/status/1271472950915538952,False,,0,,,,,,,"[{'user_id': '1030398167198691328', 'username': 'ionactive'}, {'user_id': '313931803', 'username': 'michaeljacole'}, {'user_id': '14145739', 'username': 'Atomicrod'}]",,,,
1271472892035858433,1271472892035858433,1591977734000,2020-06-12,12:02:14,EDT,912616039271342081,uknuclearenergy,Nuclear - GB Grid,,GB Grid: #Nuclear is generating 4.20GW (14.49%) out of 28.98GW,[],[],[],0,0,0,['#nuclear'],[],https://twitter.com/UKNuclearEnergy/status/1271472892035858433,False,,0,,,,,,,"[{'user_id': '912616039271342081', 'username': 'UKNuclearEnergy'}]",,,,
1271472334193319937,1271472334193319937,1591977601000,2020-06-12,12:00:01,EDT,142685138,nucnetnews,NucNet Nuclear News,,"üíª‚öõÔ∏èüì∞Discover #NucNet's Top3 most-read articles of the week.
#nuclear #energy #research #innovation #news
‚ñ∂Ô∏èRead more on  https://www.nucnet.org/¬†
üìßSign up for NucNet's nuclear newsletter:  https://www.nucnet.org/registration¬† pic.twitter.com/2WOS6CYVHI",[],"['https://www.nucnet.org/', 'https://www.nucnet.org/registration']",[],0,0,0,"['#nucnet', '#nuclear', '#energy', '#research', '#innovation', '#news']",[],https://twitter.com/NucNetNews/status/1271472334193319937,False,,1,,,,,,,"[{'user_id': '142685138', 'username': 'NucNetNews'}]",,,,
1271472028839796737,1271465930778951680,1591977529000,2020-06-12,11:58:49,EDT,950972504,fortgoose,Angus MacKay,,Don‚Äôt scrap the carbon tax. The innovation that follows it means exportable tech for Canadian business. It also helps support Ontario‚Äôs nuclear energy production.,['erinotoolemp'],[],[],0,0,1,[],[],https://twitter.com/Fortgoose/status/1271472028839796737,False,,0,,,,,,,"[{'user_id': '950972504', 'username': 'Fortgoose'}, {'user_id': '296553576', 'username': 'ErinOTooleMP'}]",,,,
1271471877509259268,1271471875932200966,1591977493000,2020-06-12,11:58:13,EDT,2930635215,repnewhouse,Rep. Dan Newhouse,,"‚úÖ Helping our communities prevent the risk of wildfires
‚úÖ Working to address the maintenance backlog at National Parks
‚úÖ Improving air quality and effectiveness of taxpayer dollars
‚úÖ Supporting nuclear energy innovation & development",[],[],[],4,1,4,[],[],https://twitter.com/RepNewhouse/status/1271471877509259268,False,,0,,,,,,,"[{'user_id': '2930635215', 'username': 'RepNewhouse'}]",,,,
1271469579701805057,1271458300782133248,1591976945000,2020-06-12,11:49:05,EDT,105646147,characterlacks,Gareth Fairclough,,"It absolutely should be built.  It's not ideal, but it's a project that is already well under way and should be built.

Without nuclear energy, there will be no ""decarbonization"".  Renewable energy is a con designed to keep gas & coal in the energy mix.  
End of story.",['neiljmcevoy'],[],[],1,0,0,[],[],https://twitter.com/Characterlacks/status/1271469579701805057,False,,0,,,,,,,"[{'user_id': '105646147', 'username': 'Characterlacks'}, {'user_id': '389121502', 'username': 'neiljmcevoy'}]",,,,
1271469435988082693,1271469435988082693,1591976910000,2020-06-12,11:48:30,EDT,390778490,mpc_dc,Matt Crozat,,The @IEA just published an important and timely look at the impact of the Covid-19 crisis is having on nuclear energy.  https://www.iea.org/commentaries/the-covid-19-crisis-is-undermining-nuclear-power-s-important-role-in-clean-energy-transitions¬†‚Ä¶,['iea'],['https://www.iea.org/commentaries/the-covid-19-crisis-is-undermining-nuclear-power-s-important-role-in-clean-energy-transitions'],[],1,0,0,[],[],https://twitter.com/mpc_dc/status/1271469435988082693,False,,0,,,,,,,"[{'user_id': '390778490', 'username': 'mpc_dc'}, {'user_id': '84679163', 'username': 'IEA'}]",,,,
1271468352100335616,1271468352100335616,1591976652000,2020-06-12,11:44:12,EDT,226310002,iam__network,IAM Platform,,"GE to provide Spanish wind service 

READ MORE:  https://blog.iammarketingmedia.com/ge-to-provide-spanish-wind-service/?utm_campaign=twitter&utm_medium=twitter&utm_source=twitter¬†‚Ä¶
#GeothermalEnergy #NuclearEnergy #RenewableEnergy #SolarEnergy #SolarPanels #SteamEnergy #WaveEnergy #WaveGenerators #WindEnergy #Windmills pic.twitter.com/aUN9vA1erU",[],['https://blog.iammarketingmedia.com/ge-to-provide-spanish-wind-service/?utm_campaign=twitter&utm_medium=twitter&utm_source=twitter'],['https://pbs.twimg.com/media/EaUpulnXkAAf2aJ.jpg'],0,0,1,"['#geothermalenergy', '#nuclearenergy', '#renewableenergy', '#solarenergy', '#solarpanels', '#steamenergy', '#waveenergy', '#wavegenerators', '#windenergy', '#windmills']",[],https://twitter.com/IAM__Network/status/1271468352100335616,False,,0,,,,,,,"[{'user_id': '226310002', 'username': 'IAM__Network'}]",,,,
1271466040522924033,1271464971503841282,1591976101000,2020-06-12,11:35:01,EDT,1269816751522447360,corrupt_obama,EXPOSE barry OBAMA üá∫üá∏üá∫üá∏üá∫üá∏,,"Not at all. I work in energy, wind power needs fossil fuels to be produced. Nuclear energy is the cleanest for our environment.","['katy1434', 'politico']",[],[],2,0,0,[],[],https://twitter.com/corrupt_obama/status/1271466040522924033,False,,0,,,,,,,"[{'user_id': '1269816751522447360', 'username': 'corrupt_obama'}, {'user_id': '886837747', 'username': 'katy1434'}, {'user_id': '9300262', 'username': 'politico'}]",,,,
1271465403697463296,1271465403697463296,1591975949000,2020-06-12,11:32:29,EDT,226310002,iam__network,IAM Platform,,"UK ponders Saudi clean power opportunities 

READ MORE:  https://blog.iammarketingmedia.com/uk-ponders-saudi-clean-power-opportunities/?utm_campaign=twitter&utm_medium=twitter&utm_source=twitter¬†‚Ä¶
#GeothermalEnergy #NuclearEnergy #RenewableEnergy #SolarEnergy #SolarPanels #SteamEnergy #WaveEnergy #WaveGenerators #WindEnergy #Windmills* pic.twitter.com/pkuKivVy0K",[],['https://blog.iammarketingmedia.com/uk-ponders-saudi-clean-power-opportunities/?utm_campaign=twitter&utm_medium=twitter&utm_source=twitter'],['https://pbs.twimg.com/media/EaUnC9pXsAEJiks.jpg'],0,0,0,"['#geothermalenergy', '#nuclearenergy', '#renewableenergy', '#solarenergy', '#solarpanels', '#steamenergy', '#waveenergy', '#wavegenerators', '#windenergy', '#windmills']",[],https://twitter.com/IAM__Network/status/1271465403697463296,False,,0,,,,,,,"[{'user_id': '226310002', 'username': 'IAM__Network'}]",,,,
1271465190660374529,1271465190660374529,1591975898000,2020-06-12,11:31:38,EDT,103539805,shiftclickzine,ShiftClick,,"ü™Ç Learn WW II ciphers, make marshmallow atom models and learn about nuclear energy on World War II at Home
#history #homeschooling pic.twitter.com/RTL5z20i33",[],[],['https://pbs.twimg.com/media/EaUm2jeXQAIIDlH.png'],0,0,0,"['#history', '#homeschooling']",[],https://twitter.com/shiftclickzine/status/1271465190660374529,False,,0,,,,,,,"[{'user_id': '103539805', 'username': 'shiftclickzine'}]",,,,
1271465036553293825,1271465036553293825,1591975862000,2020-06-12,11:31:02,EDT,1035762001,chernobylwelcom,CHERNOBYLwel.come,,"What was behind the biggest nuclear energy disaster in the world?

‚ùìKGB vs. CIA war‚ùìUFOüëΩ‚ùì
‚¨áÔ∏èLearn the (un)believable theories that support alternative versions of what caused the Chernobyl accident‚¨áÔ∏è
‚è∞ 13.06. 17:00 (GMT)

üëâüèª https://www.facebook.com/events/262346551542660/¬†‚Ä¶ pic.twitter.com/X3zxtXzDWU",[],['https://www.facebook.com/events/262346551542660/'],['https://pbs.twimg.com/media/EaUmtmDXkAA3TDW.jpg'],0,0,2,[],[],https://twitter.com/CHERNOBYLwelcom/status/1271465036553293825,False,,0,,,,,,,"[{'user_id': '1035762001', 'username': 'CHERNOBYLwelcom'}]",,,,
1271462799005437952,1271462799005437952,1591975328000,2020-06-12,11:22:08,EDT,1100064156504543233,govnuclear,Office of Nuclear Energy,,FACT: The U.S. generates more nuclear energy than the next ‚úåÔ∏è leading countries combined.  pic.twitter.com/BjAm889uJe,[],[],[],1,13,32,[],[],https://twitter.com/GovNuclear/status/1271462799005437952,False,,1,,,,,,,"[{'user_id': '1100064156504543233', 'username': 'GovNuclear'}]",,,,
1271461003067260929,1271461003067260929,1591974900000,2020-06-12,11:15:00,EDT,1009786975,pgsnuclear,Partnership for Global Security,,"The latest #PGSnewsletter is out now! 
In this issue, we highlight a possible change in #US policy regarding the financing of civil #nuclear projects overseas, as the #IDFC proposes that nuclear energy is a tool for sustainable development and ensuring #nonproliferation.",[],[],[],0,0,0,"['#pgsnewsletter', '#us', '#nuclear', '#idfc', '#nonproliferation']",[],https://twitter.com/PGSnuclear/status/1271461003067260929,False,,0,,,,,,,"[{'user_id': '1009786975', 'username': 'PGSnuclear'}]",,,,
1271458747987132423,1271458747987132423,1591974362000,2020-06-12,11:06:02,EDT,2606456126,duo_koji,duo_koji,,"Ê†∏„Ç®„Éç„É´„ÇÆ„Éº„ÅÆÊΩúÂú®ÁöÑ„Å™Âç±Èô∫ÊÄß„ÅØ„ÄÅ„ÅÑ„Åè„ÇâÂº∑Ë™ø„Åó„Å¶„ÇÇ„ÅóÈÅé„Åé„Çã„Å®„ÅÑ„ÅÜ„Åì„Å®„ÅØ„Å™„ÅÑ„ÄÇ
One cannot emphasize too much the potential danger of nuclear energy. (39)",[],[],[],0,0,0,[],[],https://twitter.com/duo_koji/status/1271458747987132423,False,,0,,,,,,,"[{'user_id': '2606456126', 'username': 'duo_koji'}]",,,,
1271457795263672325,1271457795263672325,1591974135000,2020-06-12,11:02:15,EDT,912616039271342081,uknuclearenergy,Nuclear - GB Grid,,GB Grid: #Nuclear is generating 4.35GW (15.32%) out of 28.40GW,[],[],[],0,0,0,['#nuclear'],[],https://twitter.com/UKNuclearEnergy/status/1271457795263672325,False,,0,,,,,,,"[{'user_id': '912616039271342081', 'username': 'UKNuclearEnergy'}]",,,,
1271457374629494785,1271457374629494785,1591974035000,2020-06-12,11:00:35,EDT,27688281,nei,Nuclear Energy Inst.,,Carbon-free sources like #nuclear will be essential if we want to keep emissions low for future generations. https://bit.ly/34VZMB9¬†,[],['https://bit.ly/34VZMB9'],[],1,8,14,['#nuclear'],[],https://twitter.com/NEI/status/1271457374629494785,False,,0,,,,,,,"[{'user_id': '27688281', 'username': 'NEI'}]",,,,
1271453704344834048,1271453704344834048,1591973160000,2020-06-12,10:46:00,EDT,200244473,talknuclear,TalkNuclear,,".@global1stpower, @UltraSafeNuke and @opg Form Joint Venture to Own, Operate Micro Modular Reactor Project at Chalk River #SMR #NuclearEnergy  https://prn.to/2UtZKfE¬†","['global1stpower', 'ultrasafenuke', 'opg']",['https://prn.to/2UtZKfE'],[],0,2,1,"['#smr', '#nuclearenergy']",[],https://twitter.com/TalkNuclear/status/1271453704344834048,False,,0,,,,,,,"[{'user_id': '200244473', 'username': 'TalkNuclear'}, {'user_id': '1062018593439780866', 'username': 'global1stpower'}, {'user_id': '894565444891414528', 'username': 'UltraSafeNuke'}, {'user_id': '28150927', 'username': 'opg'}]",,,,
1271453652574765059,1271453652574765059,1591973147000,2020-06-12,10:45:47,EDT,626593618,nicumbria,Nuclear Institute Cumbria Branch,,"‚ú®Meet our speakers: Sophie Kelly of @SellafieldLtd üåü‚ú®. 

Sophie works as a Health Physics Monitor at Sellafield Ltd. She will present on the topic of, ‚ÄòNuclear Energy - Small Modular Reactors (SMRs)‚Äô.  pic.twitter.com/MTe0g4yOIb",['sellafieldltd'],[],['https://pbs.twimg.com/media/EaUcV0kXYAIfPkH.jpg'],0,0,2,[],[],https://twitter.com/NICumbria/status/1271453652574765059,False,,0,,,,,,,"[{'user_id': '626593618', 'username': 'NICumbria'}, {'user_id': '44659351', 'username': 'SellafieldLtd'}]",,,,
1271452954432856064,1271452954432856064,1591972981000,2020-06-12,10:43:01,EDT,27688281,nei,Nuclear Energy Inst.,,"#ICYMI ‚Äì earlier this week, @DFCgov announced a proposal to lift its legacy prohibition on funding nuclear energy projects. 

 https://bit.ly/2AZ7n7b¬†",['dfcgov'],['https://bit.ly/2AZ7n7b'],[],0,3,10,['#icymi'],[],https://twitter.com/NEI/status/1271452954432856064,False,,0,,,,,,,"[{'user_id': '27688281', 'username': 'NEI'}, {'user_id': '123334719', 'username': 'DFCgov'}]",,,,
1271452845791944706,1271452845791944706,1591972955000,2020-06-12,10:42:35,EDT,1650837048,ucellfc,UCell,,"UCell paid a virtual visit to Haggerston school today talking to A-level students about fuel cells, batteries and nuclear energy. They even managed to get a virtual tour of @UCLEIL labs from Theo, a post doc in our group who is back to (socially distanced) lab life üë®‚Äçüî¨ ü•º üî¨ pic.twitter.com/2G3o62YRmN",['ucleil'],[],"['https://pbs.twimg.com/media/EaUbn04XYAAZGQS.jpg', 'https://pbs.twimg.com/media/EaUbn04XkAAbrp8.jpg', 'https://pbs.twimg.com/media/EaUbn1AXYAE6tl0.jpg', 'https://pbs.twimg.com/media/EaUbn1gXgAEA92w.jpg']",0,1,5,[],[],https://twitter.com/UCellFC/status/1271452845791944706,False,,0,,,,,,,"[{'user_id': '1650837048', 'username': 'UCellFC'}, {'user_id': '1650358735', 'username': 'UCLEIL'}]",,,,
1271452217296355328,1271452217296355328,1591972805000,2020-06-12,10:40:05,EDT,940324020024639489,rethomari,Reth Omari,,"Lol... people will use every opportunity they get to slander religion.
Jesus was a man that preached love, living at peace with all men. That sounds like White supremacy to you?

E=mc¬≤ is gave us nuclear energy, but because it was used to create weapons now, Einstein is evil?  https://twitter.com/funshographix/status/1271392389819699202¬†‚Ä¶",[],['https://twitter.com/funshographix/status/1271392389819699202'],[],1,0,0,[],[],https://twitter.com/RethOmari/status/1271452217296355328,False,https://twitter.com/funshographix/status/1271392389819699202,0,,,,,,,"[{'user_id': '940324020024639489', 'username': 'RethOmari'}]",,,,
1271447401811849216,1271447401811849216,1591971657000,2020-06-12,10:20:57,EDT,226310002,iam__network,IAM Platform,,"Germany adopts national hydrogen plan 

READ MORE:  https://blog.iammarketingmedia.com/germany-adopts-national-hydrogen-plan/?utm_campaign=twitter&utm_medium=twitter&utm_source=twitter¬†‚Ä¶
#GeothermalEnergy #NuclearEnergy #RenewableEnergy #SolarEnergy #SolarPanels #SteamEnergy #WaveEnergy #WaveGenerators #WindEnergy #Windmills~ pic.twitter.com/TNChocBWp7",[],['https://blog.iammarketingmedia.com/germany-adopts-national-hydrogen-plan/?utm_campaign=twitter&utm_medium=twitter&utm_source=twitter'],['https://pbs.twimg.com/media/EaUWrIgWoAAZdW5.jpg'],0,0,0,"['#geothermalenergy', '#nuclearenergy', '#renewableenergy', '#solarenergy', '#solarpanels', '#steamenergy', '#waveenergy', '#wavegenerators', '#windenergy', '#windmills']",[],https://twitter.com/IAM__Network/status/1271447401811849216,False,,0,,,,,,,"[{'user_id': '226310002', 'username': 'IAM__Network'}]",,,,
1271445530510581761,1271445525963968513,1591971211000,2020-06-12,10:13:31,EDT,384009624,nuclearkatie,Katie Mummah,,"Zero reactor types will fix the entire world. Nuclear energy can do a lot of good, but believing that your preferred reactor type has no drawbacks and will solve racism, poverty, health disparities, etc is not a good look! The world is more complicated than that",[],[],[],2,6,88,[],[],https://twitter.com/nuclearkatie/status/1271445530510581761,False,,0,,,,,,,"[{'user_id': '384009624', 'username': 'nuclearkatie'}]",,,,
1271445425187414016,1271445425187414016,1591971186000,2020-06-12,10:13:06,EDT,1059409271723581440,wamnews_german,WAM German,,Die B√ºrger der Emirate machen 60 Prozent der Besch√§ftigten der Nuclear Energy Corporation aus  https://ift.tt/2B3CuhE¬† #wamnews,[],['https://ift.tt/2B3CuhE'],[],0,0,0,['#wamnews'],[],https://twitter.com/wamnews_German/status/1271445425187414016,False,,0,,,,,,,"[{'user_id': '1059409271723581440', 'username': 'wamnews_German'}]",,,,
1271445367863861248,1271444459478188032,1591971172000,2020-06-12,10:12:52,EDT,1247577379133939713,eboysbabie,ùô°ùô™ùôòùôÆ,,mines on nuclear energy everyone drop ur topics,[],[],[],3,0,4,[],[],https://twitter.com/eboysbabie/status/1271445367863861248,False,,0,,,,,,,"[{'user_id': '1247577379133939713', 'username': 'eboysbabie'}]",,,,
1271443921583910913,1271443919386091524,1591970827000,2020-06-12,10:07:07,EDT,19274314,jaczko,Greg,,"3). There really was nothing new in the reports.  Platitudes of restoring US leadership in nuclear energy.   The need for the domestic industry to support the weapons complex. 

Bottom line nuclear power is a contracting industry in the US and globally will likely be too /4",[],[],[],1,0,0,[],[],https://twitter.com/Jaczko/status/1271443921583910913,False,,0,,,,,,,"[{'user_id': '19274314', 'username': 'Jaczko'}]",,,,
1271443071088185344,1271361781252993024,1591970625000,2020-06-12,10:03:45,EDT,63119285,thecartoonloon,An Actual Feminist,,"yeah in the fallout universe everything was the same up until ww2.

America after than focused on Nuclear energy and had huge leaps in tec.

And that cold war mentality held up.

but The USSR didnt collapse. and the red scare just grew.

America quickly ran out of resources",['whoopsyourfefes'],[],[],1,0,0,[],[],https://twitter.com/TheCartoonLoon/status/1271443071088185344,False,,0,,,,,,,"[{'user_id': '63119285', 'username': 'TheCartoonLoon'}, {'user_id': '875367006928871424', 'username': 'WhoopsYourFeFes'}]",,,,
1271442820742762497,1271442820742762497,1591970565000,2020-06-12,10:02:45,EDT,226310002,iam__network,IAM Platform,,"Naval Energies joins Offshore Wind California group 

READ MORE:  https://blog.iammarketingmedia.com/naval-energies-joins-offshore-wind-california-group/?utm_campaign=twitter&utm_medium=twitter&utm_source=twitter¬†‚Ä¶
#GeothermalEnergy #NuclearEnergy #RenewableEnergy #SolarEnergy #SolarPanels #SteamEnergy #WaveEnergy #WaveGenerators #WindEnergy #Windmills* pic.twitter.com/CIbcCbGckk",[],['https://blog.iammarketingmedia.com/naval-energies-joins-offshore-wind-california-group/?utm_campaign=twitter&utm_medium=twitter&utm_source=twitter'],['https://pbs.twimg.com/media/EaUSgcoXQAMUmeS.jpg'],0,2,0,"['#geothermalenergy', '#nuclearenergy', '#renewableenergy', '#solarenergy', '#solarpanels', '#steamenergy', '#waveenergy', '#wavegenerators', '#windenergy', '#windmills']",[],https://twitter.com/IAM__Network/status/1271442820742762497,False,,0,,,,,,,"[{'user_id': '226310002', 'username': 'IAM__Network'}]",,,,
1271442695932829696,1271442695932829696,1591970535000,2020-06-12,10:02:15,EDT,912616039271342081,uknuclearenergy,Nuclear - GB Grid,,GB Grid: #Nuclear is generating 4.40GW (15.13%) out of 29.09GW,[],[],[],0,0,0,['#nuclear'],[],https://twitter.com/UKNuclearEnergy/status/1271442695932829696,False,,0,,,,,,,"[{'user_id': '912616039271342081', 'username': 'UKNuclearEnergy'}]",,,,
1271440004963844098,1270761549041369089,1591969894000,2020-06-12,09:51:34,EDT,1247918255223853058,sabrina95466198,üí´‚ú®üåôSabrina Wash UR Hands =(^Œ¶œâŒ¶^)=,,"What about nuclear energy, or solar energy?
Or what if our priority was finding more efficient energy sources instead of imperialist wars in the Middle East to make oil companies rich?
Scientific research would be much easier without the budget limit. Just sayin'","['iamboosh_88', 'chick_canon', 'itskingapollo', 'chosensigner']",[],[],0,0,0,[],[],https://twitter.com/Sabrina95466198/status/1271440004963844098,False,,0,,,,,,,"[{'user_id': '1247918255223853058', 'username': 'Sabrina95466198'}, {'user_id': '912788610226823173', 'username': 'IAmBoosh_88'}, {'user_id': '938202423092568064', 'username': 'chick_canon'}, {'user_id': '2371041853', 'username': 'itskingapollo'}, {'user_id': '569746469', 'username': 'ChosenSigner'}]",,,,
1271438193993355265,1271437775175331840,1591969462000,2020-06-12,09:44:22,EDT,2511662929,supreme_owl_ftw,ü§ñü¶âCyberOwl ü¶âü§ñ,,"Much like nuclear energy, genetic modification, capitalism, vaccines and the scientific method, western civilization is only opposed by people who are very confused about what it is, and what the alternatives are.",[],[],[],0,0,2,[],[],https://twitter.com/Supreme_Owl_FTW/status/1271438193993355265,False,,0,,,,,,,"[{'user_id': '2511662929', 'username': 'Supreme_Owl_FTW'}]",,,,
1271436050192379904,1271436050192379904,1591968951000,2020-06-12,09:35:51,EDT,175405495,ncstatenuclear,Nuclear Engineering,,"Upcoming Webinar ""Clean Nuclear Energy for Industry: The Case for SMRs and Microreactors in Puerto Rico"". Moderated by Harsh Desai, NC State alum on June 18 @ 12 noon CDT.

Register @ 
 https://us02web.zoom.us/webinar/register/WN_WZiz7_b7ThimdhpOeFQomg¬†‚Ä¶ pic.twitter.com/y5z1i3vaox",[],['https://us02web.zoom.us/webinar/register/WN_WZiz7_b7ThimdhpOeFQomg'],['https://pbs.twimg.com/media/EaUMTtYXQAA6Zd1.png'],0,1,3,[],[],https://twitter.com/NCStateNuclear/status/1271436050192379904,False,,0,,,,,,,"[{'user_id': '175405495', 'username': 'NCStateNuclear'}]",,,,
1271435693772898304,1271435693772898304,1591968866000,2020-06-12,09:34:26,EDT,4925210807,clearpathaction,ClearPath Action,,"Washington ""must ensure that our companies, our innovators, and our clean-energy technologies have the best possible chance to compete internationally,"" said @PowellRich, executive director of ClearPath. @DFCgov @AdamUSDFC #NuclearEnergy  https://www.nytimes.com/reuters/2020/06/11/us/11reuters-usa-nuclearpower-development.html?smid=tw-share¬†‚Ä¶","['powellrich', 'dfcgov', 'adamusdfc']",['https://www.nytimes.com/reuters/2020/06/11/us/11reuters-usa-nuclearpower-development.html?smid=tw-share'],[],0,3,3,['#nuclearenergy'],[],https://twitter.com/ClearPathAction/status/1271435693772898304,False,,0,,,,,,,"[{'user_id': '4925210807', 'username': 'ClearPathAction'}, {'user_id': '136338019', 'username': 'powellrich'}, {'user_id': '123334719', 'username': 'DFCgov'}, {'user_id': '991675273610514432', 'username': 'AdamUSDFC'}]",,,,
1271432084159160320,1271432084159160320,1591968005000,2020-06-12,09:20:05,EDT,226310002,iam__network,IAM Platform,,"OPINION: Is India‚Äôs renewable energy investment on track? ‚Äì ET EnergyWorld 

READ MORE:  https://blog.iammarketingmedia.com/opinion-is-indias-renewable-energy-investment-on-track-et-energyworld/?utm_campaign=twitter&utm_medium=twitter&utm_source=twitter¬†‚Ä¶
#GeothermalEnergy #NuclearEnergy #RenewableEnergy #SolarEnergy #SolarPanels #SteamEnergy #WaveEnergy #WaveGenerators #WindEnergy #Windmills+ pic.twitter.com/KltU53Qdmc",[],['https://blog.iammarketingmedia.com/opinion-is-indias-renewable-energy-investment-on-track-et-energyworld/?utm_campaign=twitter&utm_medium=twitter&utm_source=twitter'],['https://pbs.twimg.com/media/EaUIvhaXsAEwjYY.jpg'],0,1,0,"['#geothermalenergy', '#nuclearenergy', '#renewableenergy', '#solarenergy', '#solarpanels', '#steamenergy', '#waveenergy', '#wavegenerators', '#windenergy', '#windmills']",[],https://twitter.com/IAM__Network/status/1271432084159160320,False,,0,,,,,,,"[{'user_id': '226310002', 'username': 'IAM__Network'}]",,,,
1271430363336802305,1271430363336802305,1591967595000,2020-06-12,09:13:15,EDT,1265975128103550976,energenofficial,Energen,,"Trump administration seeks to use global aid for nuclear projects
#Trump #US #NuclearEnergy
 https://www.nrgen.org/post/trump-administration-seeks-to-use-global-aid-for-nuclear-projects¬†‚Ä¶ pic.twitter.com/HKFPeYDmiM",[],['https://www.nrgen.org/post/trump-administration-seeks-to-use-global-aid-for-nuclear-projects'],['https://pbs.twimg.com/media/EaUHLHqXkAE_lU8.jpg'],0,0,0,"['#trump', '#us', '#nuclearenergy']",[],https://twitter.com/EnergenOfficial/status/1271430363336802305,False,,0,,,,,,,"[{'user_id': '1265975128103550976', 'username': 'EnergenOfficial'}]",,,,
1271429029728587776,1271429029728587776,1591967277000,2020-06-12,09:07:57,EDT,1259439819912028161,philipp08767899,Philipp,,"‚ÄúWhat if Nuclear Energy Didn‚Äôt Exist?‚Äù by Generation Atomic
 https://link.medium.com/R6tOAWK3f7¬†",[],['https://link.medium.com/R6tOAWK3f7'],[],0,0,0,[],[],https://twitter.com/Philipp08767899/status/1271429029728587776,False,,0,,,,,,,"[{'user_id': '1259439819912028161', 'username': 'Philipp08767899'}]",,,,
1271428171527852035,1271428171527852035,1591967072000,2020-06-12,09:04:32,EDT,226310002,iam__network,IAM Platform,,"Wind-solar hybrid is new renewable energy option in India: Crisil 

READ MORE:  https://blog.iammarketingmedia.com/wind-solar-hybrid-is-new-renewable-energy-option-in-india-crisil/?utm_campaign=twitter&utm_medium=twitter&utm_source=twitter¬†‚Ä¶
#GeothermalEnergy #NuclearEnergy #RenewableEnergy #SolarEnergy #SolarPanels #SteamEnergy #WaveEnergy #WaveGenerators #WindEnergy #Windmills~ pic.twitter.com/sjAtZw0cCS",[],['https://blog.iammarketingmedia.com/wind-solar-hybrid-is-new-renewable-energy-option-in-india-crisil/?utm_campaign=twitter&utm_medium=twitter&utm_source=twitter'],['https://pbs.twimg.com/media/EaUFLy7WkAA7YBA.jpg'],0,0,0,"['#geothermalenergy', '#nuclearenergy', '#renewableenergy', '#solarenergy', '#solarpanels', '#steamenergy', '#waveenergy', '#wavegenerators', '#windenergy', '#windmills']",[],https://twitter.com/IAM__Network/status/1271428171527852035,False,,0,,,,,,,"[{'user_id': '226310002', 'username': 'IAM__Network'}]",,,,
1271427596857810951,1271427596857810951,1591966935000,2020-06-12,09:02:15,EDT,912616039271342081,uknuclearenergy,Nuclear - GB Grid,,GB Grid: #Nuclear is generating 4.40GW (14.69%) out of 29.95GW,[],[],[],0,0,0,['#nuclear'],[],https://twitter.com/UKNuclearEnergy/status/1271427596857810951,False,,0,,,,,,,"[{'user_id': '912616039271342081', 'username': 'UKNuclearEnergy'}]",,,,
1271427030404521984,1271427030404521984,1591966800000,2020-06-12,09:00:00,EDT,1020311,quinndupont,Quinn DuPont,,"""A quest for the Arabian atom?¬†Geopolitics, security, and national identity in the nuclear energy programs in the Middle East""  https://buff.ly/2YdgEjE¬†",[],['https://buff.ly/2YdgEjE'],[],0,0,0,[],[],https://twitter.com/quinndupont/status/1271427030404521984,False,,0,,,,,,,"[{'user_id': '1020311', 'username': 'quinndupont'}]",,,,
1271423841189969920,1271423841189969920,1591966040000,2020-06-12,08:47:20,EDT,226310002,iam__network,IAM Platform,,"Nexans confirms Seagreen cabling job 

READ MORE:  https://blog.iammarketingmedia.com/nexans-confirms-seagreen-cabling-job/?utm_campaign=twitter&utm_medium=twitter&utm_source=twitter¬†‚Ä¶
#GeothermalEnergy #NuclearEnergy #RenewableEnergy #SolarEnergy #SolarPanels #SteamEnergy #WaveEnergy #WaveGenerators #WindEnergy #Windmills* pic.twitter.com/1ER2yV1WGh",[],['https://blog.iammarketingmedia.com/nexans-confirms-seagreen-cabling-job/?utm_campaign=twitter&utm_medium=twitter&utm_source=twitter'],['https://pbs.twimg.com/media/EaUBPtcXsAEDUNP.jpg'],0,0,0,"['#geothermalenergy', '#nuclearenergy', '#renewableenergy', '#solarenergy', '#solarpanels', '#steamenergy', '#waveenergy', '#wavegenerators', '#windenergy', '#windmills']",[],https://twitter.com/IAM__Network/status/1271423841189969920,False,,0,,,,,,,"[{'user_id': '226310002', 'username': 'IAM__Network'}]",,,,
1271423253538627585,1271423253538627585,1591965900000,2020-06-12,08:45:00,EDT,200244473,talknuclear,TalkNuclear,,Nuclear power now ‚Äòoff track‚Äô in IEA's Sustainable Development Scenario : Energy & Environment - World Nuclear News #NuclearEnergy #cleanenergy  https://www.world-nuclear-news.org/Articles/Nuclear-power-now-off-track-in-IEAs-Sustainable-De?feed=feed¬†‚Ä¶ ‚Ä¶,[],['https://www.world-nuclear-news.org/Articles/Nuclear-power-now-off-track-in-IEAs-Sustainable-De?feed=feed'],[],0,0,0,"['#nuclearenergy', '#cleanenergy']",[],https://twitter.com/TalkNuclear/status/1271423253538627585,False,,0,,,,,,,"[{'user_id': '200244473', 'username': 'TalkNuclear'}]",,,,
1271423068217446404,1271423068217446404,1591965856000,2020-06-12,08:44:16,EDT,1167847963865100288,dr_buabdullah,Dr. Bu Abdullah,,Today we witnessed remarkable progress at the Barakah Nuclear Energy Plant. We are grateful for the resilience and commitment of the Barakah team who truly represent their country's pioneering spirit. This project is a source of pride for everyone who calls UAE homeüá¶üá™  pic.twitter.com/hJ9FjEI6oS,[],[],[],0,0,0,[],[],https://twitter.com/Dr_BuAbdullah/status/1271423068217446404,False,,1,,,,,,,"[{'user_id': '1167847963865100288', 'username': 'Dr_BuAbdullah'}]",,,,
1271422334407065601,1271201503202750464,1591965681000,2020-06-12,08:41:21,EDT,2889334699,marion_mcm,maidmarion,,Because it has nuclear energy!  Wake up Australia!,['mrkrudd'],[],[],0,0,0,[],[],https://twitter.com/marion_mcm/status/1271422334407065601,False,,0,,,,,,,"[{'user_id': '2889334699', 'username': 'marion_mcm'}, {'user_id': '16832632', 'username': 'MrKRudd'}]",,,,
1271420192782983174,1271420192782983174,1591965170000,2020-06-12,08:32:50,EDT,226310002,iam__network,IAM Platform,,"Renewable energy is taking off ‚Äî but not in bank boardrooms 

READ MORE:  https://blog.iammarketingmedia.com/renewable-energy-is-taking-off-but-not-in-bank-boardrooms/?utm_campaign=twitter&utm_medium=twitter&utm_source=twitter¬†‚Ä¶
#GeothermalEnergy #NuclearEnergy #RenewableEnergy #SolarEnergy #SolarPanels #SteamEnergy #WaveEnergy #WaveGenerators #WindEnergy #Windmills* pic.twitter.com/YCXNKCfzBI",[],['https://blog.iammarketingmedia.com/renewable-energy-is-taking-off-but-not-in-bank-boardrooms/?utm_campaign=twitter&utm_medium=twitter&utm_source=twitter'],['https://pbs.twimg.com/media/EaT97WtXsAEN-Ob.jpg'],0,1,1,"['#geothermalenergy', '#nuclearenergy', '#renewableenergy', '#solarenergy', '#solarpanels', '#steamenergy', '#waveenergy', '#wavegenerators', '#windenergy', '#windmills']",[],https://twitter.com/IAM__Network/status/1271420192782983174,False,,0,,,,,,,"[{'user_id': '226310002', 'username': 'IAM__Network'}]",,,,
1271420002164506626,1271420002164506626,1591965125000,2020-06-12,08:32:05,EDT,1088701104,krijtjevdstoep,Krijtje v.d. Stoep,,Please sign it! Nuclear waste will be dangerous for many thousands of years. Very irresponsible to just go on with that. Sign against nuclear energy in Belgium.  https://twitter.com/jagraag/status/1271418796851572736¬†‚Ä¶,[],['https://twitter.com/jagraag/status/1271418796851572736'],[],1,0,0,[],[],https://twitter.com/KrijtjevdStoep/status/1271420002164506626,False,,0,,,,,,,"[{'user_id': '1088701104', 'username': 'KrijtjevdStoep'}]",,,,
1271419659254890499,1271419659254890499,1591965043000,2020-06-12,08:30:43,EDT,324888114,markgoyder,Mark Goyder,,@edfenergy (Julia Pyke) claims Germany has highest carbon emissions having closed down nuclear energy. Evacuation of Fukushima was unnecessary. Reactor did not release large amounts of radioactive materials #jerichoconversations,['edfenergy'],[],[],0,1,0,['#jerichoconversations'],[],https://twitter.com/MarkGoyder/status/1271419659254890499,False,,0,,,,,,,"[{'user_id': '324888114', 'username': 'MarkGoyder'}, {'user_id': '123065047', 'username': 'edfenergy'}]",,,,
1271419587880419328,1271419587880419328,1591965026000,2020-06-12,08:30:26,EDT,1207321587931893762,fonuclearenergy,Friends of Nuclear Energy (FoNE),,"Today in the 'We are...' campaign, we hear from Markian about his enthusiasm for aviation.

Just a reminder: the first ever Friends of Nuclear Energy event is happening on Thursday 18th June, you can get your free tickets here:  https://lnkd.in/eT8VTxf¬†
#nuclear #netzero pic.twitter.com/ZxIlzAIAvU",[],['https://lnkd.in/eT8VTxf'],"['https://pbs.twimg.com/media/EaT9W0ZWAAUKT6-.jpg', 'https://pbs.twimg.com/media/EaT9W0aWsAAcVP7.jpg', 'https://pbs.twimg.com/media/EaT9W0jXYAMT3qu.jpg']",0,0,0,"['#nuclear', '#netzero']",[],https://twitter.com/FoNuclearEnergy/status/1271419587880419328,False,,0,,,,,,,"[{'user_id': '1207321587931893762', 'username': 'FoNuclearEnergy'}]",,,,
1271419384439943169,1271419384439943169,1591964977000,2020-06-12,08:29:37,EDT,1130646076715929600,nenscoalition,Nuclear Energy & National Security Coalition,,Curious how a decision from @DFCGov to lift a ban on financing #nuclear projects abroad could promote energy access in emerging markets? Check out this read from @toddjmoss & @J_Lovering of @energyforgrowth: https://www.cgdev.org/blog/nuclear-power-pro-development-six-reasons-why-dfc-should-lift-its-ban¬†‚Ä¶,"['dfcgov', 'toddjmoss', 'j_lovering', 'energyforgrowth']",['https://www.cgdev.org/blog/nuclear-power-pro-development-six-reasons-why-dfc-should-lift-its-ban'],[],0,4,5,['#nuclear'],[],https://twitter.com/NENSCoalition/status/1271419384439943169,False,,0,,,,,,,"[{'user_id': '1130646076715929600', 'username': 'NENSCoalition'}, {'user_id': '123334719', 'username': 'DFCgov'}, {'user_id': '140137735', 'username': 'toddjmoss'}, {'user_id': '524769326', 'username': 'J_Lovering'}, {'user_id': '1044931955526127616', 'username': 'energyforgrowth'}]",,,,
1271418960034934784,1271418960034934784,1591964876000,2020-06-12,08:27:56,EDT,226310002,iam__network,IAM Platform,,"Renewable energy associations commend BOEM for timely conclusion of Vineyard Wind environmental 

READ MORE:  https://blog.iammarketingmedia.com/renewable-energy-associations-commend-boem-for-timely-conclusion-of-vineyard-wind-environmental-impact-statement-daily-energy-insider/?utm_campaign=twitter&utm_medium=twitter&utm_source=twitter¬†‚Ä¶
#GeothermalEnergy #NuclearEnergy #RenewableEnergy #SolarEnergy #SolarPanels #SteamEnergy #WaveEnergy #WaveGenerators #WindEnergy #Windmills pic.twitter.com/pA4t2hJwUk",[],['https://blog.iammarketingmedia.com/renewable-energy-associations-commend-boem-for-timely-conclusion-of-vineyard-wind-environmental-impact-statement-daily-energy-insider/?utm_campaign=twitter&utm_medium=twitter&utm_source=twitter'],['https://pbs.twimg.com/media/EaT8zkAWkAA9_be.jpg'],0,1,1,"['#geothermalenergy', '#nuclearenergy', '#renewableenergy', '#solarenergy', '#solarpanels', '#steamenergy', '#waveenergy', '#wavegenerators', '#windenergy', '#windmills']",[],https://twitter.com/IAM__Network/status/1271418960034934784,False,,0,,,,,,,"[{'user_id': '226310002', 'username': 'IAM__Network'}]",,,,
1271418601581486082,1271418601581486082,1591964791000,2020-06-12,08:26:31,EDT,200244473,talknuclear,TalkNuclear,,Hydrogen May Be a Lifeline for Nuclear‚ÄîBut It Won‚Äôt Be Easy #NuclearEnergy #cleanenergy https://www.powermag.com/hydrogen-may-be-a-lifeline-for-nuclear-but-it-wont-be-easy/#.XuN0UJgABy8.twitter¬†‚Ä¶,[],['https://www.powermag.com/hydrogen-may-be-a-lifeline-for-nuclear-but-it-wont-be-easy/#.XuN0UJgABy8.twitter'],[],0,1,11,"['#nuclearenergy', '#cleanenergy']",[],https://twitter.com/TalkNuclear/status/1271418601581486082,False,,0,,,,,,,"[{'user_id': '200244473', 'username': 'TalkNuclear'}]",,,,
1271416639645417472,1271416639645417472,1591964323000,2020-06-12,08:18:43,EDT,420215306,oecd_nea,OECD NEA ‚öõÔ∏è Nuclear Energy Agency,,"15 GW of new #nuclear capacity is required annually between 2020 and 2040 to meet the Sustainable Development Scenario.  Are we on track to achieve the #decarbonisation objectives set by the Paris Agreement? ü§î

Find out in the @IEA‚Äôs üÜï Tracking Clean Energy Progress report ‚§µÔ∏è https://twitter.com/IEA/status/1271197086671949832¬†‚Ä¶",['iea'],['https://twitter.com/IEA/status/1271197086671949832'],[],0,6,12,"['#nuclear', '#decarbonisation']",[],https://twitter.com/OECD_NEA/status/1271416639645417472,False,https://twitter.com/IEA/status/1271197086671949832,0,,,,,,,"[{'user_id': '420215306', 'username': 'OECD_NEA'}, {'user_id': '84679163', 'username': 'IEA'}]",,,,
